Epoch,FID_DP,Cost
200,233.4521,2.570219e-01
400,69.9625,2.365260e-01
600,39.6004,2.331342e-01
800,39.9231,2.333976e-01
1000,37.0604,2.341463e-01
1200,42.2716,2.349804e-01
1400,37.8659,2.355265e-01
1600,44.4501,2.358810e-01
1800,40.0763,2.361312e-01
2000,46.3347,2.362877e-01
