Epoch,FID_DP,Cost
200,290.4806,2.720117e-01
400,160.4870,2.390601e-01
600,179.7657,2.326682e-01
800,185.3504,2.329125e-01
1000,190.6035,2.340309e-01
1200,195.2986,2.349144e-01
1400,206.2575,2.354004e-01
1600,223.3058,2.357353e-01
1800,237.0651,2.359178e-01
2000,189.3609,2.361254e-01
