Epoch,FID_DP,Cost
200,305.4137,2.834433e-01
400,86.6662,2.475390e-01
600,59.9447,2.364950e-01
800,76.0206,2.343775e-01
1000,82.0498,2.345294e-01
1200,100.4795,2.351071e-01
1400,107.9092,2.355337e-01
1600,113.2428,2.358325e-01
1800,116.9603,2.360037e-01
2000,119.7387,2.361020e-01
