Epoch,FID_DP,Cost
200,118.2760,4.720667e-01
400,57.9226,4.802442e-01
600,50.7620,4.788027e-01
800,65.0055,4.774869e-01
1000,81.3974,4.759996e-01
1200,75.9064,4.762851e-01
1400,56.4331,4.790297e-01
1600,82.6768,4.757008e-01
1800,73.2096,4.765951e-01
2000,70.7084,4.755759e-01
