Epoch,FID_DP,Cost
200,116.2957,2.348236e-01
400,94.6596,2.387313e-01
600,61.6792,2.380473e-01
800,70.9588,2.373001e-01
1000,123.0058,2.366704e-01
1200,130.0211,2.358807e-01
1400,92.2624,2.379096e-01
1600,93.4139,2.366734e-01
1800,92.9058,2.369453e-01
2000,63.6001,2.362789e-01
