Epoch,FID_DP,Cost
200,61.9041,4.719362e-01
400,45.1632,4.740724e-01
600,38.6266,4.749836e-01
800,42.5154,4.757030e-01
1000,46.2321,4.778499e-01
1200,48.4203,4.771336e-01
1400,45.2966,4.786256e-01
1600,48.4940,4.742602e-01
1800,60.1890,4.741845e-01
2000,51.9866,4.770516e-01
