Epoch,FID_DP,Cost
200,47.2671,2.349280e-01
400,43.3970,2.359509e-01
600,34.4192,2.364760e-01
800,41.0808,2.368216e-01
1000,40.8996,2.379329e-01
1200,46.4010,2.375691e-01
1400,40.0729,2.383229e-01
1600,40.5467,2.361209e-01
1800,48.7962,2.361091e-01
2000,41.6699,2.374789e-01
