Epoch,PSNR_Bicubic_Mean,PSNR_Bicubic_Std,PSNR_SR_Mean,PSNR_SR_Std,SSIM_Bicubic_Mean,SSIM_Bicubic_Std,SSIM_SR_Mean,SSIM_SR_Std,LPIPS_Bicubic_Mean,LPIPS_Bicubic_Std,LPIPS_SR_Mean,LPIPS_SR_Std
200,30.4754,2.0182,26.0317,2.1191,0.949087,0.014169,0.901312,0.040299,0.054732,0.020144,0.030888,0.011689
400,30.4754,2.0182,27.0414,1.5342,0.949087,0.014169,0.902995,0.031404,0.054732,0.020144,0.032141,0.011143
600,30.4754,2.0182,21.7167,1.6182,0.949087,0.014169,0.768368,0.045890,0.054732,0.020144,0.134260,0.053182
800,30.4754,2.0182,20.8029,1.5728,0.949087,0.014169,0.725395,0.052023,0.054732,0.020144,0.167473,0.055420
1000,30.4754,2.0182,21.7189,1.6432,0.949087,0.014169,0.749409,0.051763,0.054732,0.020144,0.146644,0.047996
2000,30.4754,2.0182,22.6149,1.9392,0.949087,0.014169,0.744670,0.065278,0.054732,0.020144,0.138570,0.060753
